{
    "node-red": {
        "name": "node-red",
        "version": "1.2.5",
        "local": false,
        "nodes": {
            "inject": {
                "name": "inject",
                "types": [
                    "inject"
                ],
                "enabled": true,
                "local": false,
                "module": "node-red",
                "file": "/usr/src/node-red/node_modules/@node-red/nodes/core/common/20-inject.js"
            },
            "debug": {
                "name": "debug",
                "types": [
                    "debug"
                ],
                "enabled": true,
                "local": false,
                "module": "node-red",
                "file": "/usr/src/node-red/node_modules/@node-red/nodes/core/common/21-debug.js"
            },
            "complete": {
                "name": "complete",
                "types": [
                    "complete"
                ],
                "enabled": true,
                "local": false,
                "module": "node-red",
                "file": "/usr/src/node-red/node_modules/@node-red/nodes/core/common/24-complete.js"
            },
            "catch": {
                "name": "catch",
                "types": [
                    "catch"
                ],
                "enabled": true,
                "local": false,
                "module": "node-red",
                "file": "/usr/src/node-red/node_modules/@node-red/nodes/core/common/25-catch.js"
            },
            "status": {
                "name": "status",
                "types": [
                    "status"
                ],
                "enabled": true,
                "local": false,
                "module": "node-red",
                "file": "/usr/src/node-red/node_modules/@node-red/nodes/core/common/25-status.js"
            },
            "link": {
                "name": "link",
                "types": [
                    "link in",
                    "link out"
                ],
                "enabled": true,
                "local": false,
                "module": "node-red",
                "file": "/usr/src/node-red/node_modules/@node-red/nodes/core/common/60-link.js"
            },
            "comment": {
                "name": "comment",
                "types": [
                    "comment"
                ],
                "enabled": true,
                "local": false,
                "module": "node-red",
                "file": "/usr/src/node-red/node_modules/@node-red/nodes/core/common/90-comment.js"
            },
            "unknown": {
                "name": "unknown",
                "types": [
                    "unknown"
                ],
                "enabled": true,
                "local": false,
                "module": "node-red",
                "file": "/usr/src/node-red/node_modules/@node-red/nodes/core/common/98-unknown.js"
            },
            "function": {
                "name": "function",
                "types": [
                    "function"
                ],
                "enabled": true,
                "local": false,
                "module": "node-red",
                "file": "/usr/src/node-red/node_modules/@node-red/nodes/core/function/10-function.js"
            },
            "switch": {
                "name": "switch",
                "types": [
                    "switch"
                ],
                "enabled": true,
                "local": false,
                "module": "node-red",
                "file": "/usr/src/node-red/node_modules/@node-red/nodes/core/function/10-switch.js"
            },
            "change": {
                "name": "change",
                "types": [
                    "change"
                ],
                "enabled": true,
                "local": false,
                "module": "node-red",
                "file": "/usr/src/node-red/node_modules/@node-red/nodes/core/function/15-change.js"
            },
            "range": {
                "name": "range",
                "types": [
                    "range"
                ],
                "enabled": true,
                "local": false,
                "module": "node-red",
                "file": "/usr/src/node-red/node_modules/@node-red/nodes/core/function/16-range.js"
            },
            "template": {
                "name": "template",
                "types": [
                    "template"
                ],
                "enabled": true,
                "local": false,
                "module": "node-red",
                "file": "/usr/src/node-red/node_modules/@node-red/nodes/core/function/80-template.js"
            },
            "delay": {
                "name": "delay",
                "types": [
                    "delay"
                ],
                "enabled": true,
                "local": false,
                "module": "node-red",
                "file": "/usr/src/node-red/node_modules/@node-red/nodes/core/function/89-delay.js"
            },
            "trigger": {
                "name": "trigger",
                "types": [
                    "trigger"
                ],
                "enabled": true,
                "local": false,
                "module": "node-red",
                "file": "/usr/src/node-red/node_modules/@node-red/nodes/core/function/89-trigger.js"
            },
            "exec": {
                "name": "exec",
                "types": [
                    "exec"
                ],
                "enabled": true,
                "local": false,
                "module": "node-red",
                "file": "/usr/src/node-red/node_modules/@node-red/nodes/core/function/90-exec.js"
            },
            "tls": {
                "name": "tls",
                "types": [
                    "tls-config"
                ],
                "enabled": true,
                "local": false,
                "module": "node-red",
                "file": "/usr/src/node-red/node_modules/@node-red/nodes/core/network/05-tls.js"
            },
            "httpproxy": {
                "name": "httpproxy",
                "types": [
                    "http proxy"
                ],
                "enabled": true,
                "local": false,
                "module": "node-red",
                "file": "/usr/src/node-red/node_modules/@node-red/nodes/core/network/06-httpproxy.js"
            },
            "mqtt": {
                "name": "mqtt",
                "types": [
                    "mqtt in",
                    "mqtt out",
                    "mqtt-broker"
                ],
                "enabled": true,
                "local": false,
                "module": "node-red",
                "file": "/usr/src/node-red/node_modules/@node-red/nodes/core/network/10-mqtt.js"
            },
            "httpin": {
                "name": "httpin",
                "types": [
                    "http in",
                    "http response"
                ],
                "enabled": true,
                "local": false,
                "module": "node-red",
                "file": "/usr/src/node-red/node_modules/@node-red/nodes/core/network/21-httpin.js"
            },
            "httprequest": {
                "name": "httprequest",
                "types": [
                    "http request"
                ],
                "enabled": true,
                "local": false,
                "module": "node-red",
                "file": "/usr/src/node-red/node_modules/@node-red/nodes/core/network/21-httprequest.js"
            },
            "websocket": {
                "name": "websocket",
                "types": [
                    "websocket in",
                    "websocket out",
                    "websocket-listener",
                    "websocket-client"
                ],
                "enabled": true,
                "local": false,
                "module": "node-red",
                "file": "/usr/src/node-red/node_modules/@node-red/nodes/core/network/22-websocket.js"
            },
            "tcpin": {
                "name": "tcpin",
                "types": [
                    "tcp in",
                    "tcp out",
                    "tcp request"
                ],
                "enabled": true,
                "local": false,
                "module": "node-red",
                "file": "/usr/src/node-red/node_modules/@node-red/nodes/core/network/31-tcpin.js"
            },
            "udp": {
                "name": "udp",
                "types": [
                    "udp in",
                    "udp out"
                ],
                "enabled": true,
                "local": false,
                "module": "node-red",
                "file": "/usr/src/node-red/node_modules/@node-red/nodes/core/network/32-udp.js"
            },
            "CSV": {
                "name": "CSV",
                "types": [
                    "csv"
                ],
                "enabled": true,
                "local": false,
                "module": "node-red",
                "file": "/usr/src/node-red/node_modules/@node-red/nodes/core/parsers/70-CSV.js"
            },
            "HTML": {
                "name": "HTML",
                "types": [
                    "html"
                ],
                "enabled": true,
                "local": false,
                "module": "node-red",
                "file": "/usr/src/node-red/node_modules/@node-red/nodes/core/parsers/70-HTML.js"
            },
            "JSON": {
                "name": "JSON",
                "types": [
                    "json"
                ],
                "enabled": true,
                "local": false,
                "module": "node-red",
                "file": "/usr/src/node-red/node_modules/@node-red/nodes/core/parsers/70-JSON.js"
            },
            "XML": {
                "name": "XML",
                "types": [
                    "xml"
                ],
                "enabled": true,
                "local": false,
                "module": "node-red",
                "file": "/usr/src/node-red/node_modules/@node-red/nodes/core/parsers/70-XML.js"
            },
            "YAML": {
                "name": "YAML",
                "types": [
                    "yaml"
                ],
                "enabled": true,
                "local": false,
                "module": "node-red",
                "file": "/usr/src/node-red/node_modules/@node-red/nodes/core/parsers/70-YAML.js"
            },
            "split": {
                "name": "split",
                "types": [
                    "split",
                    "join"
                ],
                "enabled": true,
                "local": false,
                "module": "node-red",
                "file": "/usr/src/node-red/node_modules/@node-red/nodes/core/sequence/17-split.js"
            },
            "sort": {
                "name": "sort",
                "types": [
                    "sort"
                ],
                "enabled": true,
                "local": false,
                "module": "node-red",
                "file": "/usr/src/node-red/node_modules/@node-red/nodes/core/sequence/18-sort.js"
            },
            "batch": {
                "name": "batch",
                "types": [
                    "batch"
                ],
                "enabled": true,
                "local": false,
                "module": "node-red",
                "file": "/usr/src/node-red/node_modules/@node-red/nodes/core/sequence/19-batch.js"
            },
            "file": {
                "name": "file",
                "types": [
                    "file",
                    "file in"
                ],
                "enabled": true,
                "local": false,
                "module": "node-red",
                "file": "/usr/src/node-red/node_modules/@node-red/nodes/core/storage/10-file.js"
            },
            "watch": {
                "name": "watch",
                "types": [
                    "watch"
                ],
                "enabled": true,
                "local": false,
                "module": "node-red",
                "file": "/usr/src/node-red/node_modules/@node-red/nodes/core/storage/23-watch.js"
            }
        }
    },
    "node-red-node-rbe": {
        "name": "node-red-node-rbe",
        "version": "0.2.9",
        "local": false,
        "nodes": {
            "rbe": {
                "name": "rbe",
                "types": [
                    "rbe"
                ],
                "enabled": true,
                "local": false,
                "module": "node-red-node-rbe",
                "file": "/usr/src/node-red/node_modules/node-red-node-rbe/rbe.js"
            }
        }
    },
    "node-red-node-tail": {
        "name": "node-red-node-tail",
        "version": "0.1.1",
        "local": false,
        "nodes": {
            "tail": {
                "name": "tail",
                "types": [
                    "tail"
                ],
                "enabled": true,
                "local": false,
                "module": "node-red-node-tail",
                "file": "/usr/src/node-red/node_modules/node-red-node-tail/28-tail.js"
            }
        }
    },
    "node-red-contrib-modbus": {
        "name": "node-red-contrib-modbus",
        "version": "5.2.0",
        "local": true,
        "nodes": {
            "Modbus-Client": {
                "name": "Modbus-Client",
                "types": [
                    "modbus-client"
                ],
                "enabled": true,
                "local": true,
                "module": "node-red-contrib-modbus",
                "file": "/data/node_modules/node-red-contrib-modbus/modbus/modbus-client.js"
            },
            "Modbus-Response": {
                "name": "Modbus-Response",
                "types": [
                    "modbus-response"
                ],
                "enabled": true,
                "local": true,
                "module": "node-red-contrib-modbus",
                "file": "/data/node_modules/node-red-contrib-modbus/modbus/modbus-response.js"
            },
            "Modbus-Read": {
                "name": "Modbus-Read",
                "types": [
                    "modbus-read"
                ],
                "enabled": true,
                "local": true,
                "module": "node-red-contrib-modbus",
                "file": "/data/node_modules/node-red-contrib-modbus/modbus/modbus-read.js"
            },
            "Modbus-Getter": {
                "name": "Modbus-Getter",
                "types": [
                    "modbus-getter"
                ],
                "enabled": true,
                "local": true,
                "module": "node-red-contrib-modbus",
                "file": "/data/node_modules/node-red-contrib-modbus/modbus/modbus-getter.js"
            },
            "Modbus-Flex-Getter": {
                "name": "Modbus-Flex-Getter",
                "types": [
                    "modbus-flex-getter"
                ],
                "enabled": true,
                "local": true,
                "module": "node-red-contrib-modbus",
                "file": "/data/node_modules/node-red-contrib-modbus/modbus/modbus-flex-getter.js"
            },
            "Modbus-Write": {
                "name": "Modbus-Write",
                "types": [
                    "modbus-write"
                ],
                "enabled": true,
                "local": true,
                "module": "node-red-contrib-modbus",
                "file": "/data/node_modules/node-red-contrib-modbus/modbus/modbus-write.js"
            },
            "Modbus-Flex-Write": {
                "name": "Modbus-Flex-Write",
                "types": [
                    "modbus-flex-write"
                ],
                "enabled": true,
                "local": true,
                "module": "node-red-contrib-modbus",
                "file": "/data/node_modules/node-red-contrib-modbus/modbus/modbus-flex-write.js"
            },
            "Modbus-Server": {
                "name": "Modbus-Server",
                "types": [
                    "modbus-server"
                ],
                "enabled": true,
                "local": true,
                "module": "node-red-contrib-modbus",
                "file": "/data/node_modules/node-red-contrib-modbus/modbus/modbus-server.js"
            },
            "Modbus-Flex-Server": {
                "name": "Modbus-Flex-Server",
                "types": [
                    "modbus-flex-server"
                ],
                "enabled": true,
                "local": true,
                "module": "node-red-contrib-modbus",
                "file": "/data/node_modules/node-red-contrib-modbus/modbus/modbus-flex-server.js"
            },
            "Modbus-Queue-Info": {
                "name": "Modbus-Queue-Info",
                "types": [
                    "modbus-queue-info"
                ],
                "enabled": true,
                "local": true,
                "module": "node-red-contrib-modbus",
                "file": "/data/node_modules/node-red-contrib-modbus/modbus/modbus-queue-info.js"
            },
            "Modbus-Flex-Connector": {
                "name": "Modbus-Flex-Connector",
                "types": [
                    "modbus-flex-connector"
                ],
                "enabled": true,
                "local": true,
                "module": "node-red-contrib-modbus",
                "file": "/data/node_modules/node-red-contrib-modbus/modbus/modbus-flex-connector.js"
            },
            "Modbus-IO-Config": {
                "name": "Modbus-IO-Config",
                "types": [
                    "modbus-io-config"
                ],
                "enabled": true,
                "local": true,
                "module": "node-red-contrib-modbus",
                "file": "/data/node_modules/node-red-contrib-modbus/modbus/modbus-io-config.js"
            },
            "Modbus-Response-Filter": {
                "name": "Modbus-Response-Filter",
                "types": [
                    "modbus-response-filter"
                ],
                "enabled": true,
                "local": true,
                "module": "node-red-contrib-modbus",
                "file": "/data/node_modules/node-red-contrib-modbus/modbus/modbus-response-filter.js"
            }
        }
    },
    "node-red-contrib-opcua": {
        "name": "node-red-contrib-opcua",
        "version": "0.2.52",
        "local": true,
        "nodes": {
            "OpcUa-Item": {
                "name": "OpcUa-Item",
                "types": [
                    "OpcUa-Item"
                ],
                "enabled": true,
                "local": true,
                "module": "node-red-contrib-opcua",
                "file": "/data/node_modules/node-red-contrib-opcua/opcua/101-opcuaitem.js"
            },
            "OpcUa-Client": {
                "name": "OpcUa-Client",
                "types": [
                    "OpcUa-Client"
                ],
                "enabled": true,
                "local": true,
                "module": "node-red-contrib-opcua",
                "file": "/data/node_modules/node-red-contrib-opcua/opcua/102-opcuaclient.js"
            },
            "OpcUa-Browser": {
                "name": "OpcUa-Browser",
                "types": [
                    "OpcUa-Browser"
                ],
                "enabled": true,
                "local": true,
                "module": "node-red-contrib-opcua",
                "file": "/data/node_modules/node-red-contrib-opcua/opcua/103-opcuabrowser.js"
            },
            "OpcUa-Server": {
                "name": "OpcUa-Server",
                "types": [
                    "OpcUa-Server"
                ],
                "enabled": true,
                "local": true,
                "module": "node-red-contrib-opcua",
                "file": "/data/node_modules/node-red-contrib-opcua/opcua/104-opcuaserver.js"
            },
            "OpcUa-Endpoint": {
                "name": "OpcUa-Endpoint",
                "types": [
                    "OpcUa-Endpoint"
                ],
                "enabled": true,
                "local": true,
                "module": "node-red-contrib-opcua",
                "file": "/data/node_modules/node-red-contrib-opcua/opcua/105-opcuaendpoint.js"
            },
            "OpcUa-Event": {
                "name": "OpcUa-Event",
                "types": [
                    "OpcUa-Event"
                ],
                "enabled": true,
                "local": true,
                "module": "node-red-contrib-opcua",
                "file": "/data/node_modules/node-red-contrib-opcua/opcua/106-opcuaevent.js"
            }
        }
    },
    "node-red-contrib-queue-gate": {
        "name": "node-red-contrib-queue-gate",
        "version": "1.4.0",
        "local": true,
        "nodes": {
            "q-gate": {
                "name": "q-gate",
                "types": [
                    "q-gate"
                ],
                "enabled": true,
                "local": true,
                "module": "node-red-contrib-queue-gate",
                "file": "/data/node_modules/node-red-contrib-queue-gate/q-gate.js"
            }
        }
    },
    "node-red-contrib-s7": {
        "name": "node-red-contrib-s7",
        "version": "2.1.1",
        "local": true,
        "nodes": {
            "s7": {
                "name": "s7",
                "types": [
                    "s7 endpoint",
                    "s7 in",
                    "s7 out",
                    "s7 control"
                ],
                "enabled": true,
                "local": true,
                "module": "node-red-contrib-s7",
                "file": "/data/node_modules/node-red-contrib-s7/red/s7.js"
            }
        }
    },
    "node-red-node-email": {
        "name": "node-red-node-email",
        "version": "1.7.7",
        "local": true,
        "nodes": {
            "email": {
                "name": "email",
                "types": [
                    "e-mail",
                    "e-mail in"
                ],
                "enabled": true,
                "local": true,
                "module": "node-red-node-email",
                "file": "/data/node_modules/node-red-node-email/61-email.js"
            }
        }
    }
}